Run,SMC (%)
1,0
2,32.08457711
3,31.62437811
4,30.72636816
5,28.89925373
6,27.55099502
7,26.47636816
8,22.41293532
9,21.10945274
10,19.14054726
11,18.06716418